{
  "best_global_step": null,
  "best_metric": null,
  "best_model_checkpoint": null,
  "epoch": 1.0,
  "eval_steps": 500,
  "global_step": 79,
  "is_hyper_param_search": false,
  "is_local_process_zero": true,
  "is_world_process_zero": true,
  "log_history": [
    {
      "epoch": 0.31695721077654515,
      "grad_norm": 11.732260704040527,
      "learning_rate": 0.000179746835443038,
      "loss": 8.331693115234375,
      "step": 25
    },
    {
      "epoch": 0.6339144215530903,
      "grad_norm": 11.274954795837402,
      "learning_rate": 0.00015864978902953587,
      "loss": 8.446959228515626,
      "step": 50
    },
    {
      "epoch": 0.9508716323296355,
      "grad_norm": 7.405827045440674,
      "learning_rate": 0.00013755274261603376,
      "loss": 8.312813110351563,
      "step": 75
    },
    {
      "epoch": 1.0,
      "eval_accuracy": 0.48,
      "eval_loss": 1.0511631965637207,
      "eval_macro_f1": 0.2162,
      "eval_runtime": 5.9007,
      "eval_samples_per_second": 76.263,
      "eval_steps_per_second": 38.131,
      "step": 79
    }
  ],
  "logging_steps": 25,
  "max_steps": 237,
  "num_input_tokens_seen": 0,
  "num_train_epochs": 3,
  "save_steps": 500,
  "stateful_callbacks": {
    "TrainerControl": {
      "args": {
        "should_epoch_stop": false,
        "should_evaluate": false,
        "should_log": false,
        "should_save": true,
        "should_training_stop": false
      },
      "attributes": {}
    }
  },
  "total_flos": 267277435979580.0,
  "train_batch_size": 2,
  "trial_name": null,
  "trial_params": null
}
